email,firstName,lastName
lhenworth0@networkadvertising.org,Leyla,Henworth
rshee1@fda.gov,Ros,Shee
sstockin2@example.com,Solomon,Stockin
areimer3@marriott.com,Alasteir,Reimer
obanyard4@trellian.com,Olvan,Banyard
jarrol5@cmu.edu,Jerrie,Arrol
srawlyns6@flavors.me,Shep,Rawlyns
kblackader7@blogs.com,Katina,Blackader
tcussons8@posterous.com,Thomasin,Cussons
bgrzelak9@surveymonkey.com,Bee,Grzelak
amaccurlyea@wufoo.com,Aurel,MacCurlye
sroparsb@mail.ru,Salaidh,Ropars
spriestc@t.co,Sallie,Priest
hmcguired@bbb.org,Hattie,McGuire
dspecke@mysql.com,Davide,Speck
dhemphillf@omniture.com,Dorry,Hemphill
rlaguerreg@zimbio.com,Rachael,Laguerre
scristoforoh@umn.edu,Sonnie,Cristoforo
istroobandi@posterous.com,Ivie,Strooband
rbaserj@imdb.com,Rand,Baser
bleveretk@foxnews.com,Bay,Leveret
nmcinultyl@abc.net.au,Nonnah,McInulty
kgreatbachm@msu.edu,Kerry,Greatbach
htewkesberrien@about.me,Hamlin,Tewkesberrie
everricoo@github.io,Elyn,Verrico
sfairlambp@hostgator.com,Stanislaus,Fairlamb
rlowreq@sphinn.com,Roxanne,Lowre
dsharplesr@odnoklassniki.ru,Ddene,Sharples
nblodgs@patch.com,Nicolas,Blodg
kvasilyevt@devhub.com,Kylen,Vasilyev
rtrunksu@dell.com,Rolph,Trunks
gbrabonv@oracle.com,Gusta,Brabon
mbrosterw@google.pl,Martin,Broster
kpilfoldx@networkadvertising.org,Koren,Pilfold
ahallowayy@163.com,Ailis,Halloway
uconduitz@github.com,Uri,Conduit
nbownd10@skype.com,Nicko,Bownd
educkels11@wp.com,Eugen,Duckels
cwalklett12@jimdo.com,Christine,Walklett
narstall13@ed.gov,Nonna,Arstall
wgibbins14@bloomberg.com,Werner,Gibbins
zvassman15@upenn.edu,Zachariah,Vassman
ksoper16@youku.com,Kimball,Soper
ncutress17@twitter.com,Nari,Cutress
kfish18@yellowpages.com,Kennan,Fish
pgrimsditch19@webeden.co.uk,Petronilla,Grimsditch
vbouda1a@hibu.com,Vasilis,Bouda
cebbing1b@bizjournals.com,Corabel,Ebbing
fkondratenya1c@unblog.fr,Fairleigh,Kondratenya
dklejna1d@gizmodo.com,Dukey,Klejna
amattholie1e@hatena.ne.jp,Ailey,Mattholie
bsuston1f@dyndns.org,Barrett,Suston
laiers1g@moonfruit.com,Lindsay,Aiers
fcranny1h@mozilla.com,Fitzgerald,Cranny
agodman1i@ebay.com,Avivah,Godman
afudger1j@quantcast.com,Adrianne,Fudger
clukins1k@indiatimes.com,Carly,Lukins
bjanikowski1l@woothemes.com,Berti,Janikowski
tcokely1m@house.gov,Thayne,Cokely
tgisburn1n@yellowbook.com,Terrye,Gisburn
cdeverell1o@archive.org,Constantine,Deverell
niacovino1p@studiopress.com,Nara,Iacovino
scritch1q@smh.com.au,Sadie,Critch
mfleet1r@marriott.com,Merrill,Fleet
ahoudmont1s@elpais.com,Ara,Houdmont
mwildes1t@google.co.uk,Marline,Wildes
riashvili1u@wsj.com,Renato,Iashvili
cbegin1v@bloglines.com,Clea,Begin
dseegar1w@bing.com,Delinda,Seegar
bfearns1x@illinois.edu,Benedicto,Fearns
bplan1y@1688.com,Bondon,Plan
jwingeatt1z@dropbox.com,Jeffie,Wingeatt
ceverleigh20@census.gov,Carmelita,Everleigh
dprewer21@jiathis.com,Dugald,Prewer
dalabaster22@youtu.be,Deck,Alabaster
jcharity23@tumblr.com,Jerrie,Charity
tscherer24@vinaora.com,Tiphany,Scherer
ehradsky25@springer.com,Edvard,Hradsky
gbyatt26@skyrock.com,Gasparo,Byatt
dzellner27@cbslocal.com,Dacey,Zellner
kmildenhall28@foxnews.com,Kass,Mildenhall
dnuzzti29@alibaba.com,Dall,Nuzzti
jgregore2a@fc2.com,Jeanie,Gregore
jlamburne2b@stanford.edu,Jase,Lamburne
jalliot2c@odnoklassniki.ru,Jeffie,Alliot
tscrafton2d@imgur.com,Thorn,Scrafton
scabrara2e@com.com,Siana,Cabrara
gpeasgood2f@canalblog.com,Gregory,Peasgood
tdemko2g@ca.gov,Tannie,Demko
hralph2h@wunderground.com,Hersch,Ralph
ecampana2i@github.io,Ebba,Campana
zharriagn2j@rakuten.co.jp,Zane,Harriagn
lmaun2k@artisteer.com,Langston,Maun
eshowl2l@technorati.com,Emalee,Showl
ematlock2m@squarespace.com,Edythe,Matlock
mfellnee2n@biblegateway.com,Marilyn,Fellnee
pkings2o@elpais.com,Pen,Kings
vcothey2p@alexa.com,Vera,Cothey
mduffie2q@time.com,Madella,Duffie
rsimchenko2r@zdnet.com,Roger,Simchenko
hivy2s@intel.com,Harlen,Ivy
bchalliss2t@cmu.edu,Barnebas,Challiss
ptasker2u@ustream.tv,Paloma,Tasker
mpyrton2v@foxnews.com,Mersey,Pyrton
dcockren2w@wikimedia.org,Dorise,Cockren
ajanuszewicz2x@cafepress.com,April,Januszewicz
svarvara2y@devhub.com,Shel,Varvara
ncrich2z@reddit.com,Nita,Crich
zsprionghall30@scribd.com,Zebadiah,Sprionghall
qryde31@reference.com,Quent,Ryde
tstogill32@uol.com.br,Taite,Stogill
rpinhorn33@bloglines.com,Rebe,Pinhorn
arosten34@wp.com,Ardene,Rosten
csalla35@businessinsider.com,Clemmie,Salla
zbranthwaite36@psu.edu,Zorana,Branthwaite
vpoff37@tripadvisor.com,Vale,Poff
ujoubert38@cafepress.com,Ulrick,Joubert
eferreri39@aboutads.info,Eudora,Ferreri
xtawton3a@huffingtonpost.com,Xylia,Tawton
bkubu3b@apache.org,Bobby,Kubu
edicarlo3c@bloglovin.com,Em,Di Carlo
cbriskey3d@wordpress.org,Charlotta,Briskey
rclell3e@google.cn,Robers,Clell
csharer3f@amazon.co.jp,Cobby,Sharer
rbugge3g@alexa.com,Rafaellle,Bugge
ccornock3h@utexas.edu,Camellia,Cornock
emaffezzoli3i@washington.edu,Ezri,Maffezzoli
lhoovart3j@parallels.com,Llewellyn,Hoovart
dfishenden3k@friendfeed.com,Deerdre,Fishenden
jmckie3l@webnode.com,Jessalyn,McKie
mrosendahl3m@devhub.com,Mahmud,Rosendahl
pschimoni3n@feedburner.com,Peyton,Schimoni
tpoultney3o@jugem.jp,Teodor,Poultney
tthomasson3p@dell.com,Thorsten,Thomasson
jlathee3q@facebook.com,Jamie,Lathee
mfarlane3r@bandcamp.com,Marney,Farlane
lpasek3s@cbc.ca,Loren,Pasek
mayer3t@topsy.com,Martyn,Ayer
bgreggersen3u@uol.com.br,Buffy,Greggersen
ngiraudy3v@jalbum.net,Nestor,Giraudy
aberks3w@statcounter.com,Amargo,Berks
bscannell3x@addthis.com,Bordy,Scannell
dsyrie3y@clickbank.net,Debbie,Syrie
smcguirk3z@google.co.uk,Shelby,McGuirk
jpanter40@oakley.com,Jilly,Panter
dmegahey41@mapy.cz,Dniren,Megahey
rcrone42@noaa.gov,Renato,Crone
ahubatsch43@tamu.edu,Adara,Hubatsch
ikoppel44@unc.edu,Isidore,Koppel
tbignold45@psu.edu,Tedda,Bignold
miacovino46@youtube.com,Marcy,Iacovino
acoope47@princeton.edu,Alisha,Coope
dguiden48@upenn.edu,Danila,Guiden
akeppy49@nps.gov,Ashely,Keppy
krolling4a@usnews.com,Katerina,Rolling
rtabary4b@myspace.com,Romy,Tabary
souver4c@netvibes.com,Shellie,Ouver
dgourlay4d@blogs.com,Dorothea,Gourlay
jwearing4e@netscape.com,Jilly,Wearing
rcasari4f@livejournal.com,Raina,Casari
rglencrosche4g@howstuffworks.com,Robby,Glencrosche
opavlovic4h@businessinsider.com,Ody,Pavlovic
nondricek4i@marketwatch.com,Nico,Ondricek
dsoppett4j@shinystat.com,Daloris,Soppett
tgooddie4k@dailymotion.com,Tally,Gooddie
rjocelyn4l@i2i.jp,Ronnie,Jocelyn
ulathleiffure4m@nih.gov,Upton,Lathleiffure
mwragg4n@mlb.com,Modesty,Wragg
vfollit4o@example.com,Von,Follit
kdellcasa4p@indiegogo.com,Kenneth,Dell Casa
odarcy4q@xrea.com,Opaline,d'Arcy
dnapier4r@slashdot.org,Darline,Napier
mbon4s@yellowpages.com,Myrtie,Bon
lashall4t@ibm.com,Lanny,Ashall
gwanderschek4u@hibu.com,Garrik,Wanderschek
wpobjay4v@comcast.net,Ward,Pobjay
fqueen4w@nytimes.com,Forester,Queen
rgronno4x@nps.gov,Ranee,Gronno
ahavock4y@huffingtonpost.com,Astra,Havock
ggulvin4z@delicious.com,Gipsy,Gulvin
phawksworth50@eepurl.com,Parsifal,Hawksworth
sbrodeur51@123-reg.co.uk,Stace,Brodeur
sjenkison52@unesco.org,Salvidor,Jenkison
amacpeice53@bloglines.com,Audi,MacPeice
lmarsh54@dailymail.co.uk,Lorenza,Marsh
aracher55@miibeian.gov.cn,Aimil,Racher
gtruscott56@washingtonpost.com,Godfrey,Truscott
rderoberto57@chicagotribune.com,Roxanne,De Roberto
lcrichton58@amazon.co.jp,Lilas,Crichton
dtomkys59@google.co.uk,Davin,Tomkys
otrythall5a@csmonitor.com,Orlan,Trythall
edegliantoni5b@list-manage.com,Ellwood,Degli Antoni
jpierse5c@cpanel.net,Janine,Pierse
dcouves5d@indiegogo.com,Delmar,Couves
ohinrich5e@blog.com,Olenka,Hinrich
sfetherby5f@wp.com,Susana,Fetherby
gstoffersen5g@ucla.edu,Graehme,Stoffersen
eegell5h@networksolutions.com,Erika,Egell
irentoll5i@hp.com,Ignaz,Rentoll
jmaurice5j@nih.gov,Janenna,Maurice
cdickie5k@cnn.com,Charmine,Dickie
dsears5l@cdbaby.com,Denys,Sears
gtreacher5m@wunderground.com,Gunar,Treacher
lhendren5n@ocn.ne.jp,Leann,Hendren
amillom5o@oaic.gov.au,Arda,Millom
rcorbridge5p@nasa.gov,Ree,Corbridge
phrishanok5q@slate.com,Perry,Hrishanok
acrocombe5r@istockphoto.com,Andeee,Crocombe
eeaglestone5s@homestead.com,Evey,Eaglestone
rtippin5t@nih.gov,Robby,Tippin
ssmalcombe5u@g.co,Shea,Smalcombe
clofty5v@economist.com,Christoph,Lofty
qdesavery5w@sogou.com,Quinton,de Savery
criccetti5x@etsy.com,Cori,Riccetti
ahamby5y@unblog.fr,Anny,Hamby
maddionisio5z@godaddy.com,Mag,Addionisio
kgilgryst60@123-reg.co.uk,Kirby,Gilgryst
sbrislawn61@ftc.gov,Shaine,Brislawn
tmathias62@sogou.com,Theodore,Mathias
dnestor63@loc.gov,Daffy,Nestor
bcurner64@sbwire.com,Benton,Curner
bpraundlin65@slashdot.org,Bridie,Praundlin
jceney66@ehow.com,Jimmie,Ceney
nhazeldean67@godaddy.com,Netta,Hazeldean
rvaneev68@sitemeter.com,Rubetta,Vaneev
bforker69@slate.com,Barton,Forker
flabell6a@a8.net,Falkner,Labell
gschoenleiter6b@disqus.com,Giacobo,Schoenleiter
cartus6c@studiopress.com,Colin,Artus
gfallon6d@intel.com,Griz,Fallon
amcwhinney6e@pbs.org,Allene,Mcwhinney
ugreenley6f@jalbum.net,Uri,Greenley
hstreater6g@microsoft.com,Hynda,Streater
lweild6h@canalblog.com,Lia,Weild
rgodspeede6i@squidoo.com,Roch,Godspeede
swhife6j@disqus.com,Stevena,Whife
efley6k@dyndns.org,Edvard,Fley
mdibling6l@deliciousdays.com,Mable,Dibling
kwheeliker6m@surveymonkey.com,Kissie,Wheeliker
swyer6n@ning.com,Sanderson,Wyer
aduling6o@yolasite.com,Anya,Duling
knolleth6p@fotki.com,Kaiser,Nolleth
pclapperton6q@comcast.net,Parry,Clapperton
epiche6r@moonfruit.com,Elna,Piche
dlapish6s@adobe.com,Durante,Lapish
mbottrill6t@drupal.org,Meggy,Bottrill
kacey6u@youtu.be,Kelby,Acey
edumbarton6v@amazon.co.jp,Ely,Dumbarton
lberkery6w@tamu.edu,Lyndsey,Berkery
ddowtry6x@walmart.com,Darlene,Dowtry
mtomadoni6y@dion.ne.jp,Milena,Tomadoni
fgoodlad6z@creativecommons.org,Felipa,Goodlad
riiannoni70@seesaa.net,Reynolds,Iiannoni
erounds71@google.com.au,Emmey,Rounds
fjinkins72@4shared.com,Ferdie,Jinkins
aclacey73@earthlink.net,Andrea,Clacey
kjose74@gnu.org,Kittie,Jose
spierri75@github.com,Sasha,Pierri
lhinkins76@dmoz.org,Lorette,Hinkins
rdood77@ovh.net,Rab,Dood
lcarl78@vinaora.com,Livvie,Carl
uhutfield79@bandcamp.com,Ulberto,Hutfield
morcott7a@sakura.ne.jp,My,Orcott
bwilshaw7b@techcrunch.com,Bond,Wilshaw
gmaddick7c@naver.com,Gabriel,Maddick
hducaen7d@guardian.co.uk,Herve,Ducaen
ecandelin7e@dot.gov,Eddie,Candelin
sheisman7f@shareasale.com,Sollie,Heisman
tlambkin7g@slideshare.net,Thorstein,Lambkin
tandrivel7h@deviantart.com,Tomasina,Andrivel
smcmenamin7i@bloomberg.com,Somerset,McMenamin
rshapcott7j@facebook.com,Renard,Shapcott
jcasiroli7k@prlog.org,Janella,Casiroli
jclaybourne7l@nyu.edu,Jeffry,Claybourne
kkinnen7m@technorati.com,Kennie,Kinnen
lpeterffy7n@mac.com,Langston,Peterffy
gbeden7o@etsy.com,Gustav,Beden
gcratchley7p@admin.ch,Giavani,Cratchley
edugget7q@epa.gov,Euphemia,Dugget
jcapnor7r@1688.com,Jeana,Capnor
ceffaunt7s@mac.com,Cari,Effaunt
psaffran7t@mit.edu,Patten,Saffran
hbatchan7u@opera.com,Halie,Batchan
jknill7v@ustream.tv,Jarib,Knill
aney7w@archive.org,Antonietta,Ney
lthominga7x@clickbank.net,Louise,Thominga
ecranidge7y@e-recht24.de,Esteban,Cranidge
bmccullock7z@ucoz.ru,Bambie,McCullock
ebourner80@pen.io,Ewart,Bourner
lnisius81@nytimes.com,Langsdon,Nisius
dpitcock82@shinystat.com,Di,Pitcock
sguilaem83@gmpg.org,Sophi,Guilaem
vduerdin84@statcounter.com,Viole,Duerdin
mshrubb85@howstuffworks.com,Milzie,Shrubb
fmurphey86@usatoday.com,Florentia,Murphey
ltegeller87@hostgator.com,Louella,Tegeller
tgreenhough88@jugem.jp,Tammy,Greenhough
ejanikowski89@unicef.org,Elsi,Janikowski
hheadly8a@bloomberg.com,Hilton,Headly
thendrikse8b@etsy.com,Terry,Hendrikse
gkennaird8c@cocolog-nifty.com,Geri,Kennaird
dottawell8d@rakuten.co.jp,Donelle,Ottawell
dgilbart8e@comcast.net,Dorri,Gilbart
bwelchman8f@ted.com,Brandea,Welchman
htuiller8g@themeforest.net,Hannah,Tuiller
alancastle8h@cornell.edu,Annabell,Lancastle
bwoofinden8i@parallels.com,Babb,Woofinden
hgoosnell8j@baidu.com,Harriott,Goosnell
tmcilvenna8k@baidu.com,Towny,McIlvenna
fbatterson8l@addtoany.com,Felix,Batterson
eismay8m@mail.ru,Emmet,Ismay
skennealy8n@illinois.edu,Sallyann,Kennealy
mtraut8o@google.pl,Marcy,Traut
hstreetfield8p@w3.org,Hillyer,Streetfield
mbitcheno8q@xrea.com,Melisent,Bitcheno
ademongeot8r@alibaba.com,Aldridge,Demongeot
wpalfrie8s@hibu.com,Willey,Palfrie
echarpin8t@ucla.edu,Elinor,Charpin
efusco8u@go.com,Ester,Fusco
lmacilory8v@odnoklassniki.ru,Lise,MacIlory
schaytor8w@time.com,Skippy,Chaytor
cdowtry8x@mediafire.com,Cecilia,Dowtry
bpostgate8y@berkeley.edu,Barnett,Postgate
bspraberry8z@state.gov,Berton,Spraberry
amccloch90@multiply.com,Alon,McCloch
edodgshon91@mlb.com,Emylee,Dodgshon
eviles92@infoseek.co.jp,Ethelbert,Viles
aomoylane93@dagondesign.com,Allyn,O'Moylane
dselwin94@123-reg.co.uk,Dawn,Selwin
erepp95@oaic.gov.au,Edin,Repp
rgashion96@elpais.com,Rad,Gashion
ithurlow97@wisc.edu,Issie,Thurlow
zwagon98@discovery.com,Zulema,Wagon
soxnam99@cornell.edu,Sybille,Oxnam
qbarrowcliff9a@time.com,Quintus,Barrowcliff
bmacleese9b@icq.com,Boony,MacLeese
robert9c@discovery.com,Robby,Obert
baldersley9d@wufoo.com,Baxter,Aldersley
mdunseith9e@surveymonkey.com,Maurise,Dunseith
rkleinlerer9f@bravesites.com,Ransom,Kleinlerer
cyushkin9g@simplemachines.org,Cammy,Yushkin
cstormouth9h@latimes.com,Cate,Stormouth
gkier9i@pen.io,Gilbertina,Kier
emcphail9j@ow.ly,Editha,McPhail
kvickery9k@shutterfly.com,Kati,Vickery
tbard9l@npr.org,Trudy,Bard
bphilipart9m@blogger.com,Beatriz,Philipart
hzini9n@jiathis.com,Heinrick,Zini
epydcock9o@washingtonpost.com,Enid,Pydcock
lgonnet9p@tinyurl.com,Lenette,Gonnet
aforkan9q@infoseek.co.jp,Agnola,Forkan
lpardoe9r@seattletimes.com,Lettie,Pardoe
egabbidon9s@smh.com.au,Estele,Gabbidon
nburness9t@addtoany.com,Nicoline,Burness
bcrumbleholme9u@paypal.com,Barnabe,Crumbleholme
wiczokvitz9v@chronoengine.com,Wainwright,Iczokvitz
nmckeating9w@nhs.uk,Nancy,McKeating
slaminman9x@slashdot.org,Shannon,Laminman
fmalshinger9y@businesswire.com,Francesca,Malshinger
bhiggoe9z@tripadvisor.com,Bell,Higgoe
paudusa0@mozilla.com,Peria,Audus
pouldreda1@ask.com,Pail,Ouldred
flyptradea2@chronoengine.com,Frederich,Lyptrade
bnerna3@furl.net,Boote,Nern
csidlea4@who.int,Chiarra,Sidle
dgella5@google.es,Dorothy,Gell
dcardoea6@wp.com,Dana,Cardoe
taylletta7@friendfeed.com,Tess,Ayllett
tmarlanda8@goo.gl,Tracey,Marland
rbradburnea9@cmu.edu,Reggie,Bradburne
bvollamaa@uiuc.edu,Bronson,Vollam
phargrevesab@taobao.com,Pauli,Hargreves
wsneesbieac@state.gov,Webb,Sneesbie
kmawad@sakura.ne.jp,Kelly,Maw
khaythornae@slate.com,Kirby,Haythorn
awhittleaf@furl.net,Arda,Whittle
nstlouisag@virginia.edu,Noni,St. Louis
mtattersfieldah@xrea.com,Maurita,Tattersfield
cmackennyai@live.com,Christabel,MacKenny
cpollaj@geocities.jp,Cheryl,Poll
pyeandelak@github.com,Padraig,Yeandel
olindopal@nytimes.com,Obadias,Lindop
gamoram@jugem.jp,Gilbert,Amor
nmcgawnan@irs.gov,Nolana,McGawn
zjanssenao@jiathis.com,Zahara,Janssen
dvillaretap@columbia.edu,Debora,Villaret
sclappsonaq@unc.edu,Sheelagh,Clappson
vpillerar@google.ru,Valentijn,Piller
ckunesas@tumblr.com,Christie,Kunes
csamberat@soup.io,Chadwick,Samber
dmennithorpau@nsw.gov.au,Danielle,Mennithorp
mrufflesav@economist.com,Morissa,Ruffles
jvettoreaw@columbia.edu,Jorey,Vettore
ckitchinghamax@cnet.com,Cecilius,Kitchingham
jgrimblebyay@squarespace.com,Julietta,Grimbleby
swhatesaz@vistaprint.com,Selinda,Whates
estoryb0@mit.edu,Edith,Story
icampeyb1@elpais.com,Isidro,Campey
dingrayb2@bravesites.com,Danielle,Ingray
sbrumheadb3@nyu.edu,Sigvard,Brumhead
bpoleyeb4@nytimes.com,Benedicta,Poleye
crunchmanb5@mozilla.org,Cherianne,Runchman
hmoiserb6@auda.org.au,Hortense,Moiser
sbiggerdikeb7@netvibes.com,Shelba,Biggerdike
jkeneleysideb8@timesonline.co.uk,Jack,Keneleyside
vcamellb9@hexun.com,Vitia,Camell
olennardeba@photobucket.com,Othella,Lennarde
rferrierbb@4shared.com,Romy,Ferrier
bgriggbc@cbsnews.com,Babb,Grigg
eclausiusbd@mapy.cz,Ellwood,Clausius
spinwellbe@nature.com,Silvain,Pinwell
emaclicebf@google.ca,Edwina,MacLice
eludlowbg@admin.ch,Emylee,Ludlow
akosebh@istockphoto.com,Avril,Kose
rfaleybi@bluehost.com,Robbi,Faley
bcolcombbj@hp.com,Birgit,Colcomb
mattwaterbk@is.gd,Maison,Attwater
ldarrowbl@360.cn,Laurence,Darrow
achelleybm@slideshare.net,Alix,Chelley
cwhettonbn@google.co.jp,Charyl,Whetton
egatemanbo@netvibes.com,Elsinore,Gateman
lciccobp@shutterfly.com,Lemmy,Cicco
ebrolechanbq@nsw.gov.au,Elvina,Brolechan
ksarchbr@msu.edu,Kerrie,Sarch
ghakenbs@goo.gl,Glynda,Haken
mgilbartbt@creativecommons.org,Marcellina,Gilbart
cbimrosebu@bloglines.com,Chane,Bimrose
sgerleitbv@fotki.com,Sarette,Gerleit
matthowbw@bigcartel.com,Mischa,Atthow
lgiabuzzibx@pinterest.com,Lolita,Giabuzzi
pmycroftby@independent.co.uk,Pia,Mycroft
gskuresbz@omniture.com,Georgie,Skures
blomasnyc0@irs.gov,Bertie,Lomasny
gschoutc1@php.net,Gardie,Schout
aswitsurc2@wired.com,Ameline,Switsur
dgorcec3@phoca.cz,Delphinia,Gorce
jmorrellc4@weibo.com,Julietta,Morrell
smotec5@xrea.com,Shelly,Mote
lbulmerc6@creativecommons.org,Leda,Bulmer
loreillyc7@nifty.com,Luella,O'Reilly
rclabburnc8@harvard.edu,Rodina,Clabburn
bdevorillc9@gravatar.com,Burgess,Devorill
bpayntonca@phpbb.com,Benny,Paynton
wlangtrycb@example.com,Warner,Langtry
afindleycc@instagram.com,Anabella,Findley
itomasellicd@latimes.com,Isaak,Tomaselli
caubryce@marriott.com,Chrisy,Aubry
dlindenbaumcf@usatoday.com,Darwin,Lindenbaum
logavincg@tinyurl.com,Lorelle,O'Gavin
mbogartch@amazon.com,Maximo,Bogart
tgraftonherbertci@pinterest.com,Tiffy,Grafton-Herbert
tseviercj@ezinearticles.com,Tiffie,Sevier
jclowsck@alexa.com,Jillane,Clows
mmagistercl@drupal.org,Marybelle,Magister
ysayescm@github.com,York,Sayes
sfarlhamcn@gizmodo.com,Shari,Farlham
csobeyco@shutterfly.com,Clari,Sobey
kedsallcp@discovery.com,Kara-lynn,Edsall
averdencq@earthlink.net,Astrid,Verden
lbasinigazzicr@bizjournals.com,Lawrence,Basini-Gazzi
pscotchfordcs@wikia.com,Palmer,Scotchford
wrubenct@discovery.com,Wittie,Ruben
cdowneycu@de.vu,Cleveland,Downey
snannonicv@patch.com,Samaria,Nannoni
bfranceschcw@delicious.com,Bent,Francesch
fwhyliecx@walmart.com,Freedman,Whylie
cmariotcy@cisco.com,Carey,Mariot
rogradycz@diigo.com,Rozalie,O'Grady
vfarryd0@sfgate.com,Vern,Farry
bhagand1@merriam-webster.com,Brunhilda,Hagan
meboralld2@shutterfly.com,Manda,Eborall
lredond3@seattletimes.com,Lila,Redon
scharlotted4@printfriendly.com,Susanetta,Charlotte
ebeagried5@opensource.org,Elsworth,Beagrie
dcosseyd6@ezinearticles.com,Donaugh,Cossey
cstubbingsd7@redcross.org,Cecilla,Stubbings
agadsdend8@patch.com,Augusta,Gadsden
pkniped9@amazon.de,Peri,Knipe
brestorickda@phoca.cz,Bidget,Restorick
aquantrelldb@cbsnews.com,Aguste,Quantrell
soduanedc@digg.com,Shayne,O'Duane
bromanindd@flickr.com,Bunny,Romanin
nmormande@symantec.com,Noellyn,Morman
nellinordf@typepad.com,Noelani,Ellinor
hauldsdg@seesaa.net,Humfrid,Aulds
ntroweldh@macromedia.com,Nomi,Trowel
lgreenrdedi@diigo.com,Lynsey,Greenrde
abrazenordj@chicagotribune.com,Amalea,Brazenor
byuledk@slashdot.org,Billy,Yule
ccasebournedl@furl.net,Candie,Casebourne
bmattecotdm@privacy.gov.au,Boonie,Mattecot
msyderdn@sourceforge.net,Merwyn,Syder
kcasellasdo@businessinsider.com,Kathrine,Casellas
fritmeierdp@cyberchimps.com,Franklin,Ritmeier
sguyverdq@prlog.org,Shayne,Guyver
pjoontjesdr@google.de,Pavel,Joontjes
jghidottids@geocities.com,Joni,Ghidotti
csamsondt@noaa.gov,Cathlene,Samson
kpancastdu@ca.gov,Kevan,Pancast
gmccanndv@prlog.org,Giana,McCann
nflanagandw@icq.com,Norah,Flanagan
zmesserdx@ebay.co.uk,Zsazsa,Messer
dwestoverdy@china.com.cn,Davida,Westover
dpalliserdz@cnet.com,Dorine,Palliser
coxforde0@privacy.gov.au,Cassy,Oxford
eharrope1@multiply.com,Elianore,Harrop
aaytoe2@shareasale.com,Atlante,Ayto
rpalferye3@google.nl,Rosalia,Palfery
krobottome4@163.com,Kurtis,Robottom
cfealtye5@mapquest.com,Cesar,Fealty
ngilderse6@mtv.com,Niki,Gilders
narntzene7@geocities.com,Nicola,Arntzen
bterneye8@mapy.cz,Bink,Terney
fdellascalae9@yandex.ru,Falito,Della Scala
pgaylardea@huffingtonpost.com,Palmer,Gaylard
rskoyleseb@upenn.edu,Roxana,Skoyles
sattersollec@sitemeter.com,Shaylynn,Attersoll
dedgerleyed@hatena.ne.jp,Drona,Edgerley
bhavesidesee@altervista.org,Bernhard,Havesides
eruffeyef@mit.edu,Elisabeth,Ruffey
phearnshaweg@xrea.com,Pavia,Hearnshaw
ibangleyeh@prweb.com,Indira,Bangley
ddutchei@sfgate.com,Davita,Dutch
fworsallej@google.com.au,Felike,Worsall
ggostageek@go.com,Giulietta,Gostage
bcosbyel@github.com,Brunhilda,Cosby
ewillsheeem@eventbrite.com,Erl,Willshee
rbradborneen@state.gov,Regina,Bradborne
wspraggeo@github.com,Winonah,Spragg
bcruickshankep@shinystat.com,Beale,Cruickshank
mworthingeq@foxnews.com,Muire,Worthing
dgillinoer@bravesites.com,Dukey,Gillino
ematveikoes@bigcartel.com,Evey,Matveiko
ghadcroftet@delicious.com,Goraud,Hadcroft
bskyppeu@blogs.com,Billye,Skypp
amackev@admin.ch,Alan,Mack
smauserew@ehow.com,Sharona,Mauser
gpaviaex@illinois.edu,Graeme,Pavia
gdeereey@com.com,Gwendolin,Deere
apresdieez@abc.net.au,Andrea,Presdie
bsprakef0@wufoo.com,Bil,Sprake
jroubottomf1@cnbc.com,Jereme,Roubottom
cfallaf2@hp.com,Consuela,Falla
dachurchf3@bloglines.com,Dinnie,Achurch
aaggf4@lulu.com,Abner,Agg
nromainf5@cnn.com,Nonie,Romain
deglintonf6@reuters.com,Dyanna,Eglinton
wpidonf7@miibeian.gov.cn,Winna,Pidon
jblaisef8@domainmarket.com,Jourdain,Blaise
dagatesf9@umich.edu,Didi,Agates
cginmanfa@wikipedia.org,Candide,Ginman
twhitelyfb@mysql.com,Tiffi,Whitely
amallabonefc@un.org,Adolpho,Mallabone
mrossofd@dailymotion.com,Marshal,Rosso
rkebbellfe@github.io,Rivy,Kebbell
awrightff@gnu.org,Aurore,Wright
djanousfg@ycombinator.com,Dawn,Janous
sdelorenzofh@indiegogo.com,Sadella,De Lorenzo
calexandrescufi@nationalgeographic.com,Claudette,Alexandrescu
aacomefj@stanford.edu,Abbey,Acome
lklasfk@buzzfeed.com,Lurline,Klas
rlessliefl@samsung.com,Reeba,Lesslie
jlloydfm@wiley.com,Jarret,Lloyd
lstentfn@mtv.com,Leroy,Stent
bleftwichfo@tmall.com,Brody,Leftwich
lellissenfp@huffingtonpost.com,Luca,Ellissen
atodarifq@oakley.com,Alex,Todari
rgouldsmithfr@noaa.gov,Rosy,Gouldsmith
ksawlefs@google.fr,Katuscha,Sawle
smccuaigft@skype.com,Sarge,McCuaig
rvanbrughfu@intel.com,Robbie,VanBrugh
dmaidesfv@blogs.com,Dev,Maides
cbennsfw@si.edu,Chloe,Benns
ipelferfx@mozilla.com,Isiahi,Pelfer
hmckeeverfy@ebay.co.uk,Haven,McKeever
swhitearfz@diigo.com,Salim,Whitear
ssaltreseg0@vinaora.com,Sibyl,Saltrese
kreignardg1@chronoengine.com,Konstance,Reignard
jboyackg2@twitter.com,Janek,Boyack
awortong3@deliciousdays.com,Aveline,Worton
lmelarkeyg4@mit.edu,Leilah,Melarkey
fmiddletong5@google.pl,Fern,Middleton
sbattershallg6@sphinn.com,Sonny,Battershall
jyellowleag7@illinois.edu,Jeremias,Yellowlea
jaberdalgyg8@jimdo.com,Jennine,Aberdalgy
rclacg9@mapquest.com,Riordan,Clac
obarbierga@usa.gov,Olwen,Barbier
ptomalingb@biblegateway.com,Peggie,Tomalin
gcrimgc@weebly.com,Griselda,Crim
bdollardgd@cmu.edu,Bibby,Dollard
mbaumfordge@abc.net.au,Mattheus,Baumford
lnoegf@zdnet.com,Lorrie,Noe
zcarreyettegg@apple.com,Zach,Carreyette
swealegh@lycos.com,Starlene,Weale
qadriaangi@businessinsider.com,Quincey,Adriaan
gnicholsgj@answers.com,Gerrilee,Nichols
mleighfieldgk@cbslocal.com,Mada,Leighfield
eancliffegl@ibm.com,Ericha,Ancliffe
krufgm@utexas.edu,Kele,Ruf
gkeygn@indiegogo.com,Goldie,Key
cglasmango@answers.com,Coralyn,Glasman
bleatherlandgp@sbwire.com,Beaufort,Leatherland
rhaslehurstgq@vkontakte.ru,Roman,Haslehurst
ldawkesgr@youku.com,Leesa,Dawkes
nbuckberrygs@e-recht24.de,Nikolai,Buckberry
raronowgt@house.gov,Rosemaria,Aronow
xrubinovicigu@feedburner.com,Xenia,Rubinovici
rbeenhamgv@home.pl,Rowe,Beenham
wweddeburnscrimgeourgw@smh.com.au,Willetta,Weddeburn - Scrimgeour
cbouslergx@guardian.co.uk,Chantalle,Bousler
nlubegy@zimbio.com,Niven,Lube
cpalluschekgz@telegraph.co.uk,Cleon,Palluschek
eharrinsonh0@bandcamp.com,Estevan,Harrinson
ktimebyh1@paginegialle.it,Kris,Timeby
tblanchh2@alibaba.com,Thaine,Blanch
aballingalh3@yandex.ru,Ahmad,Ballingal
jmalshingerh4@scientificamerican.com,Jami,Malshinger
bmuzzih5@altervista.org,Barn,Muzzi
yhadlingtonh6@vistaprint.com,Yetty,Hadlington
rdanzeyh7@goo.gl,Roxie,Danzey
pczajkowskah8@kickstarter.com,Peggi,Czajkowska
rvergoh9@wisc.edu,Ramsey,Vergo
mfelixha@wikispaces.com,Melli,Felix
pdurbannhb@google.cn,Pate,Durbann
pbellochhc@army.mil,Paten,Belloch
egainehd@squarespace.com,Ealasaid,Gaine
efaunchhe@sohu.com,Elonore,Faunch
cbridgnellhf@wordpress.org,Corty,Bridgnell
kdutteridgehg@sfgate.com,Kiele,Dutteridge
awhittingtonhh@sbwire.com,Alethea,Whittington
bfloreshi@people.com.cn,Baxie,Flores
cjaulmehj@gravatar.com,Coralyn,Jaulme
blearoydhk@livejournal.com,Brade,Learoyd
dadamekhl@technorati.com,Dorree,Adamek
acasselhm@wikipedia.org,Annmarie,Cassel
rhawkinghn@dmoz.org,Rebeka,Hawking
wscowcroftho@gov.uk,Wylma,Scowcroft
bhamlethp@deviantart.com,Babs,Hamlet
kenochhq@wired.com,Kiele,Enoch
hcleughhr@google.nl,Hatti,Cleugh
cblainehs@linkedin.com,Cherin,Blaine
cborrieht@liveinternet.ru,Clarey,Borrie
hinderwickhu@pagesperso-orange.fr,Hartley,Inderwick
mtylorhv@google.nl,Malorie,Tylor
ekistinghw@edublogs.org,Edd,Kisting
mzealhx@alibaba.com,Melloney,Zeal
fbugbeehy@imdb.com,Fiann,Bugbee
aprettyhz@oakley.com,Almeda,Pretty
beidleri0@dion.ne.jp,Bee,Eidler
lhawkei1@miibeian.gov.cn,Licha,Hawke
mlogesi2@salon.com,Maris,Loges
cgouldiei3@wp.com,Chery,Gouldie
poxburghi4@sphinn.com,Perice,Oxburgh
jstollenbecki5@va.gov,Jasper,Stollenbeck
oconveryi6@hud.gov,Opal,Convery
aburwoodi7@bbc.co.uk,Abram,Burwood
dvinsoni8@trellian.com,De witt,Vinson
amcbridei9@opera.com,Antonetta,McBride
ahollingsbeeia@mapy.cz,Augusta,Hollingsbee
tknudsenib@mozilla.com,Tilda,Knudsen
achastenetic@w3.org,Amalee,Chastenet
jtarryid@ucsd.edu,Juliana,Tarry
dmiskellyie@fc2.com,Debby,Miskelly
kgegayif@g.co,Karole,Gegay
gdilowayig@ifeng.com,Gregorius,Diloway
efucherih@mac.com,Ebony,Fucher
cbaldaccoii@who.int,Christoforo,Baldacco
gwalthewij@mac.com,Gaye,Walthew
fpinelik@paypal.com,Franklyn,Pinel
lbernotil@psu.edu,Lucho,Bernot
eskillmanim@networksolutions.com,Englebert,Skillman
pgalifordin@seattletimes.com,Pierette,Galiford
btrusslerio@mozilla.org,Bronny,Trussler
bmatzlip@washington.edu,Brooks,Matzl
abrabenderiq@utexas.edu,Appolonia,Brabender
rtiltir@icq.com,Reuven,Tilt
mobrallaghanis@blogspot.com,Mitch,O'Brallaghan
fgarricit@addtoany.com,Friedrich,Garric
vantcliffeiu@walmart.com,Vilhelmina,Antcliffe
agoltiv@ifeng.com,Annie,Golt
emaccafferkyiw@about.com,Evin,MacCafferky
hgallantix@1und1.de,Heddi,Gallant
fandratiy@goodreads.com,Fanchon,Andrat
rnoriegaiz@eventbrite.com,Ryon,Noriega
tglozmanj0@ibm.com,Taddeusz,Glozman
djocelynj1@state.gov,Devan,Jocelyn
lroafj2@gmpg.org,Lane,Roaf
mwoodrowj3@aol.com,Marsha,Woodrow
scarlillj4@upenn.edu,Susie,Carlill
ldowmanj5@adobe.com,Linc,Dowman
bshadwickj6@loc.gov,Borg,Shadwick
evandevliesj7@paginegialle.it,Ezri,Van de Vlies
dyorkstonj8@examiner.com,Delbert,Yorkston
lwharramj9@topsy.com,Lilla,Wharram
jwolfitja@webnode.com,Jere,Wolfit
sstapfordjb@msn.com,Stanislaus,Stapford
chinzjc@gov.uk,Chrystel,Hinz
ajarmainejd@g.co,Anitra,Jarmaine
dcowpertwaitje@slashdot.org,Dorice,Cowpertwait
gchellenhamjf@4shared.com,Giff,Chellenham
csaylorjg@istockphoto.com,Cynde,Saylor
mpuddicombejh@goodreads.com,Maynard,Puddicombe
erushbyji@163.com,Emory,Rushby
emccartanjj@npr.org,Eduard,McCartan
alukejk@wired.com,Andonis,Luke
zreimersjl@odnoklassniki.ru,Zachary,Reimers
fleversonjm@github.com,Faustina,Leverson
sbellisonjn@mlb.com,Sherri,Bellison
gmckillopjo@usgs.gov,Galen,McKillop
oleperejp@nydailynews.com,Orran,Lepere
droycejq@dell.com,Dode,Royce
cblasejr@jiathis.com,Constancia,Blase
mpavlovjs@posterous.com,Mariel,Pavlov
adebneyjt@virginia.edu,Allie,Debney
cbednellju@loc.gov,Casey,Bednell
lgooldenjv@paypal.com,Lurlene,Goolden
eburganjw@odnoklassniki.ru,Emylee,Burgan
crameyjx@free.fr,Cullie,Ramey
krodenjy@com.com,Keary,Roden
mhuguetjz@theguardian.com,Meryl,Huguet
balyokhink0@altervista.org,Bennett,Alyokhin
rmacknockerk1@un.org,Rodrique,MacKnocker
wceaplenk2@moonfruit.com,Waverley,Ceaplen
sbeelsk3@tripod.com,Sissie,Beels
ghundayk4@list-manage.com,Godfrey,Hunday
jbeddoesk5@google.it,Jeniffer,Beddoes
nmcphelimeyk6@jigsy.com,Nickie,McPhelimey
tknellenk7@hatena.ne.jp,Teddy,Knellen
pblenkinshipk8@twitter.com,Prent,Blenkinship
gchatelaink9@biblegateway.com,Gabrielle,Chatelain
pmahonyka@jigsy.com,Phil,Mahony
bmaudlinkb@reuters.com,Brianna,Maudlin
abuxsykc@nationalgeographic.com,Adella,Buxsy
cmitrikhinkd@godaddy.com,Consuela,Mitrikhin
kstriblingke@comsenz.com,Kinna,Stribling
bbenzingkf@spotify.com,Beryl,Benzing
apadburykg@google.pl,Almeta,Padbury
cshwennkh@ycombinator.com,Courtnay,Shwenn
gpeerlesski@cornell.edu,Griffith,Peerless
ykayeskj@quantcast.com,Yettie,Kayes
glunnykk@xrea.com,Gabrielle,Lunny
mleserkl@nyu.edu,Marney,Leser
npenddrethkm@sohu.com,Neils,Penddreth
fodgerskn@elegantthemes.com,Filberto,Odgers
bburgotko@wsj.com,Brandice,Burgot
abriarskp@buzzfeed.com,Armstrong,Briars
nmccombkq@livejournal.com,Nertie,McComb
tyellkr@blogspot.com,Temple,Yell
mbeadelks@e-recht24.de,Marina,Beadel
msmallpeicekt@plala.or.jp,Merry,Smallpeice
asayerku@rambler.ru,Alon,Sayer
croussellkv@xinhuanet.com,Cchaddie,Roussell
kwollandkw@typepad.com,Kelsy,Wolland
ccorbouldkx@reference.com,Celina,Corbould
jrolloky@newsvine.com,Josi,Rollo
eapplebeekz@jigsy.com,Elinore,Applebee
jtopazl0@imageshack.us,Jared,Topaz
bebbuttl1@about.me,Baryram,Ebbutt
mdessaurl2@jalbum.net,Michaela,Dessaur
ssamplesl3@symantec.com,Starlin,Samples
saguilarl4@de.vu,Saba,Aguilar
jrainardl5@guardian.co.uk,Jamal,Rainard
mjanl6@pbs.org,Marj,Jan
cbrazerl7@ameblo.jp,Carlo,Brazer
dskillandersl8@dmoz.org,Des,Skillanders
gmcskinl9@ycombinator.com,Gloriana,McSkin
kmuldrewla@google.it,Karoline,Muldrew
rendlb@netvibes.com,Ron,End
boguslc@google.com.au,Bogart,Ogus
blundbeckld@360.cn,Barny,Lundbeck
rmasole@wiley.com,Rozelle,Maso
sgeckslf@weather.com,Sly,Gecks
kbilllg@sina.com.cn,Kristine,Bill
htownrowlh@infoseek.co.jp,Hort,Townrow
mkohnli@github.com,Miltie,Kohn
rgatenbylj@phoca.cz,Randa,Gatenby
aswynfenlk@dailymail.co.uk,Anne-marie,Swynfen
hduesberryll@ovh.net,Harris,Duesberry
velnaughlm@illinois.edu,Vere,Elnaugh
klittleln@state.tx.us,Karalynn,Little
fblumerlo@addtoany.com,Forrester,Blumer
bivakhinlp@slate.com,Bethina,Ivakhin
atallachlq@fc2.com,Allistir,Tallach
vsagersonlr@delicious.com,Veriee,Sagerson
ddmitrovicls@vk.com,Dianna,Dmitrovic
lnuttenlt@cdbaby.com,Lorette,Nutten
khavelinelu@java.com,Kristine,Haveline
proggelv@linkedin.com,Patrizius,Rogge
mbagnoldlw@google.co.jp,Mallory,Bagnold
sternentlx@mediafire.com,Shayne,Ternent
eorbinely@ihg.com,Elsey,Orbine
bcicculinilz@opera.com,Billy,Cicculini
seasbiem0@bluehost.com,Skip,Easbie
rmaclavertym1@weather.com,Rasla,MacLaverty
rkegginsm2@bigcartel.com,Russ,Keggins
acopellom3@ehow.com,Alix,Copello
emeanym4@harvard.edu,Elberta,Meany
bdepperm5@google.es,Belinda,Depper
rsasserm6@paginegialle.it,Renie,Sasser
cplinckm7@macromedia.com,Cosmo,Plinck
agianillim8@samsung.com,Averil,Gianilli
hratazzim9@bandcamp.com,Hailee,Ratazzi
wkesleyma@umich.edu,Woodman,Kesley
ojacksmb@bigcartel.com,Olimpia,Jacks
ebasdenmc@yandex.ru,Eric,Basden
kbeeswingmd@time.com,Kalli,Beeswing
badsheadme@w3.org,Brynna,Adshead
ckaradzasmf@multiply.com,Chet,Karadzas
bpaalmg@statcounter.com,Borden,Paal
astempemh@angelfire.com,Alfreda,Stempe
obowskillmi@chron.com,Osmond,Bowskill
gjosefssonmj@last.fm,Georg,Josefsson
nsturmanmk@nifty.com,Nanette,Sturman
gyanneml@oakley.com,Gordan,Yanne
grassmannmm@japanpost.jp,Gunther,Rassmann
bbrooksonmn@github.com,Blondell,Brookson
dpycockmo@discuz.net,Doti,Pycock
vbangermp@uiuc.edu,Vanya,Banger
gpohlmq@tiny.cc,Gates,Pohl
mderlmr@scientificamerican.com,Morey,Derl
mdreierms@flickr.com,Muriel,Dreier
cspenleymt@digg.com,Celesta,Spenley
jlightonmu@spotify.com,Jock,Lighton
dwhistanmv@irs.gov,Devonna,Whistan
sstaddingmw@youtube.com,Shaw,Stadding
vstillwellmx@posterous.com,Velma,Stillwell
astoddmy@earthlink.net,Aretha,Stodd
shaliburnmz@mashable.com,Sayers,Haliburn
lgiroldin0@statcounter.com,Lucita,Giroldi
fconklinn1@baidu.com,Fidelio,Conklin
wsellensn2@ucsd.edu,Winnah,Sellens
jrichardsn3@technorati.com,Jody,Richards
rtugwelln4@rambler.ru,Roley,Tugwell
ltreneern5@trellian.com,Linzy,Treneer
gshobrookn6@constantcontact.com,Gerhard,Shobrook
ldezamoran7@foxnews.com,Lucilia,de Zamora
afebren8@creativecommons.org,Anders,Febre
pkennedyn9@weather.com,Prentice,Kennedy
cfootena@discovery.com,Chandler,Foote
fbuckhurstnb@woothemes.com,Fawn,Buckhurst
cpawlettnc@ameblo.jp,Caresa,Pawlett
pmerrettnd@youtube.com,Pren,Merrett
wtschersichne@bravesites.com,Wandis,Tschersich
mchinnicknf@about.me,Menard,Chinnick
bgideonng@xinhuanet.com,Boony,Gideon
tburminghamnh@cocolog-nifty.com,Tremain,Burmingham
krobberechtni@cbc.ca,Kit,Robberecht
bwardinglynj@desdev.cn,Bent,Wardingly
qstentnk@bizjournals.com,Quill,Stent
vcreggnl@themeforest.net,Vassily,Cregg
lkemingnm@bbc.co.uk,Ludwig,Keming
gwhorallnn@reference.com,Geordie,Whorall
vkubickano@biblegateway.com,Vonny,Kubicka
dcastronp@gravatar.com,Davidde,Castro
smityushinnq@wikispaces.com,Silvia,Mityushin
bkorbmakernr@nationalgeographic.com,Brendis,Korbmaker
aselburnns@foxnews.com,Alexandrina,Selburn
fsellsnt@mashable.com,Felipe,Sells
ehalfhydenu@usgs.gov,Emmye,Halfhyde
awoolamnv@soup.io,Antonina,Woolam
segentannw@dedecms.com,Shelagh,Egentan
cdonnersbergnx@google.com.hk,Celestyn,Donnersberg
akrahlny@marketwatch.com,Arte,Krahl
oclarknz@illinois.edu,Obadias,Clark
fsteynoro0@google.com.hk,Frazer,Steynor
apacho1@forbes.com,Alvin,Pach
cbamleto2@nasa.gov,Claresta,Bamlet
mreubelo3@elegantthemes.com,Minny,Reubel
klumsdeno4@theglobeandmail.com,Koren,Lumsden
aaskewo5@cmu.edu,Alta,Askew
kmcgrayleo6@php.net,Kissiah,McGrayle
eprowtingo7@addthis.com,Elisa,Prowting
dnealeo8@cnet.com,Derrick,Neale
tludwello9@jimdo.com,Toby,Ludwell
vsheronoa@google.com.hk,Vitia,Sheron
esemonob@parallels.com,Emmalee,Semon
mkenwayoc@google.ru,Morton,Kenway
bmacmenamyod@census.gov,Briana,MacMenamy
jmerryfieldoe@va.gov,Jarid,Merryfield
bkivlehanof@dailymotion.com,Bridgette,Kivlehan
ghurfordog@fc2.com,Granville,Hurford
bshackleoh@dyndns.org,Boy,Shackle
gterneoi@pagesperso-orange.fr,Gayla,Terne
hkenrightoj@apple.com,Helaina,Kenright
hcasperok@earthlink.net,Helenelizabeth,Casper
swimmerol@sitemeter.com,Stavro,Wimmer
sexrollom@wikia.com,Sandye,Exroll
hcorrinon@ow.ly,Hillary,Corrin
htofaninioo@sogou.com,Hestia,Tofanini
ysneadop@yellowpages.com,Yoko,Snead
grevilloq@cnet.com,Gerianna,Revill
isignor@army.mil,Ilyssa,Sign
ebaguleyos@youtube.com,Eilis,Baguley
lcejkaot@cdbaby.com,Lanette,Cejka
ldeeganou@prlog.org,Lucky,Deegan
bsquiresov@mayoclinic.com,Bax,Squires
ssonow@flickr.com,Sol,Son
vsincockox@ezinearticles.com,Virgil,Sincock
hkohrtoy@xrea.com,Heywood,Kohrt
iebsworthoz@canalblog.com,Ingelbert,Ebsworth
cpiollip0@economist.com,Carmencita,Piolli
jgavriellyp1@mapy.cz,Janelle,Gavrielly
chubanp2@networksolutions.com,Carter,Huban
gfaircliffp3@reuters.com,Gloriane,Faircliff
hlotep4@dedecms.com,Helaine,Lote
hgerdtsp5@posterous.com,Heinrick,Gerdts
jpennicottp6@weather.com,Jaine,Pennicott
bfranzolip7@earthlink.net,Brady,Franzoli
prulep8@hatena.ne.jp,Pia,Rule
fpaulusp9@tripod.com,Flossy,Paulus
msawerpa@google.pl,Manon,Sawer
idevorillpb@nyu.edu,Ives,Devorill
jamdohrpc@hhs.gov,Javier,Amdohr
hmcrobertpd@home.pl,Halimeda,McRobert
elinwoodpe@freewebs.com,Eolanda,Linwood
pmacdowalpf@google.com.br,Paul,MacDowal
lbeushawpg@creativecommons.org,Lilly,Beushaw
bbarckph@cnn.com,Baillie,Barck
ugillionpi@adobe.com,Ulrich,Gillion
sharviepj@sakura.ne.jp,See,Harvie
cswannackpk@chron.com,Christabel,Swannack
jbriantpl@joomla.org,Jesse,Briant
brichiepm@nih.gov,Baxter,Richie
pondricekpn@businessinsider.com,Pattin,Ondricek
ttribbeckpo@tinypic.com,Theresa,Tribbeck
jslatenpp@odnoklassniki.ru,Jessa,Slaten
iglassmanpq@wikipedia.org,Idaline,Glassman
kpiollipr@i2i.jp,Kermy,Piolli
wcarverps@google.com,Westbrooke,Carver
rkneathpt@msn.com,Rockie,Kneath
ddivispu@statcounter.com,Darius,Divis
atrippettpv@eventbrite.com,Alwin,Trippett
zrownpw@artisteer.com,Zena,Rown
ckinnerpx@marriott.com,Car,Kinner
gthomelinpy@alexa.com,Garry,Thomelin
iloidlpz@arizona.edu,Ira,Loidl
fmctrustrieq0@hp.com,Florinda,McTrustrie
ilubertiq1@ihg.com,Ibby,Luberti
ffilsonq2@ftc.gov,Freeman,Filson
bstiversq3@ucla.edu,Bord,Stivers
bbarstowkq4@newsvine.com,Bobby,Barstowk
fgerringq5@goo.gl,Fielding,Gerring
cdrakeq6@weibo.com,Charline,Drake
gnorthwoodq7@geocities.com,Germayne,Northwood
rbuttnerq8@blogtalkradio.com,Raffaello,Buttner
mskowcraftq9@netlog.com,Merlina,Skowcraft
gfarndaleqa@shop-pro.jp,Georgetta,Farndale
crawetqb@bluehost.com,Cristina,Rawet
abarlthropqc@php.net,Artemas,Barlthrop
udecourtneyqd@google.nl,Una,De Courtney
rwaddilowqe@moonfruit.com,Raul,Waddilow
pcraighallqf@qq.com,Philbert,Craighall
cfretwellqg@tuttocitta.it,Cynthy,Fretwell
dtreskeqh@cloudflare.com,Dominga,Treske
sfantoneqi@yahoo.co.jp,Sonya,Fantone
bblairqj@usa.gov,Bea,Blair
roelsqk@twitpic.com,Roana,Oels
dsteljesql@weather.com,Daisie,Steljes
jkidneyqm@mapy.cz,Janeva,Kidney
maistropqn@salon.com,Michail,Aistrop
chuskissonqo@umich.edu,Casper,Huskisson
ecymperqp@sourceforge.net,Enrika,Cymper
jeidelmanqq@twitter.com,Jeremias,Eidelman
nshadfourthqr@state.tx.us,Nikki,Shadfourth
npashenkovqs@ed.gov,Nanny,Pashenkov
bgeffingerqt@google.nl,Broderic,Geffinger
cgirschqu@amazon.co.jp,Carlyn,Girsch
mkleslqv@issuu.com,Maurine,Klesl
bverdunqw@qq.com,Barth,Verdun
gschiellqx@trellian.com,Gerri,Schiell
wnapolioneqy@geocities.jp,Whitaker,Napolione
rgolborneqz@people.com.cn,Rozele,Golborne
ashearr0@seattletimes.com,Andonis,Shear
zkenwortheyr1@nba.com,Zsa zsa,Kenworthey
gizkovitzr2@imdb.com,Giulia,Izkovitz
gbulluckr3@wikispaces.com,Gregory,Bulluck
aguerolar4@google.cn,Angus,Guerola
jinettr5@sbwire.com,Jaclyn,Inett
raldersleyr6@gravatar.com,Rollin,Aldersley
eabrahmerr7@buzzfeed.com,Elora,Abrahmer
jtwinbrowr8@51.la,Jerrome,Twinbrow
pferreresr9@hc360.com,Palmer,Ferreres
amackelworthra@google.co.jp,Almira,Mackelworth
aariesrb@yelp.com,Alanna,Aries
mweskerrc@boston.com,Mair,Wesker
rfrankishrd@sitemeter.com,Rufe,Frankish
cdankre@wix.com,Chase,Dank
gbrockhouserf@quantcast.com,Goober,Brockhouse
earnaurg@wix.com,Em,Arnau
gcroixrh@last.fm,Gwendolen,Croix
jaldissri@engadget.com,Judy,Aldiss
ekeneforderj@elegantthemes.com,Elyse,Keneforde
aschermerk@i2i.jp,Aloise,Scherme
fcarassrl@businessweek.com,Faith,Carass
gsalkildrm@unblog.fr,Gina,Salkild
kcristearn@indiatimes.com,Katee,Cristea
cmitskevichro@pagesperso-orange.fr,Corbie,Mitskevich
wlaterzarp@xing.com,Welby,Laterza
akieransrq@mozilla.org,Adolpho,Kierans
schoppenrr@google.fr,Suellen,Choppen
